Question,Answer,Context,Tags,Keywords
What does ProWoo Engineering Solutions do?,"ProWoo Engineering Solutions Pvt Ltd offers professional engineering services including feasibility studies, concept engineering, process optimization, economic analysis, flare systems analysis, and technical consulting for Oil & Gas, Refining, LNG, and other industrial sectors.",Company Overview,company,overview services what do you do does prowoo what prowoo does services offered
Where is ProWoo located?,"ProWoo Engineering Solutions is headquartered at 537/538 Centura Square, Road No. 27, Next to Hallmark Honda, Opp. Lanxess, Wagle Estate, Thane (West), Maharashtra – 400604, India.",Contact Info,location,address headquarters office location prowoo where
How can I contact ProWoo?,"You can contact ProWoo via phone at +91‑7400169226 / +91‑7057690989 or by email at info@prowoo.in.",Contact Info,contact,communication phone email call contact prowoo
Who are the directors of ProWoo?,"The company’s leadership includes Kiran Rajaram Nikam (CEO & Managing Director) and Shilpa Nikam (Director of Operations & Project Management).",Company Info,leadership,directors founders management prowoo directors
Who is the CEO of ProWoo?,"The CEO and Managing Director of ProWoo is Kiran Rajaram Nikam. He is a dynamic leader with over 24 years of experience in the oil and gas industry, specializing in concept development and economic analysis.",Company Info,leadership,ceo kiran nikam boss owner prowoo ceo
Who is Shilpa Nikam?,"Shilpa Nikam is the Director of Operations and Project Management at ProWoo. She has over two decades of experience and holds a B.Tech in Chemical Engineering and an MBA in HR.",Company Info,leadership,shilpa nikam director operations prowoo shilpa
What is ProWoo’s mission?,"ProWoo’s mission is to deliver tailored engineering excellence, optimize energy resources, offer cost-effective innovative solutions, and empower businesses for sustainable growth.",Company Overview,mission values purpose,mission vision purpose goal objective prowoo mission
What is ProWoo’s vision and goal?,"ProWoo’s vision is to be the unparalleled leader in engineering excellence, revolutionizing the industry with innovative solutions and sustainable practices.",Company Overview,vision,goal future vision objective target prowoo vision
How many people work at ProWoo?,"ProWoo is powered by a dedicated team of around 18 highly experienced professionals with extensive expertise in engineering consultancy and technical services.",Company Info,team,many people working employees staff headcount team size prowoo workforce eighteen 18 members
What industries does ProWoo serve?,"ProWoo serves industrial sectors including Oil & Gas, LNG, Refining & Petrochemicals, Utilities & Offsites, Energy, and Water.",Industry,industry,sector market field business industries prowoo
What core engineering services does ProWoo provide?,"ProWoo offers core engineering services such as Concept & Process Engineering, Instrumentation & Controls, Mechanical (Static & Piping), Electrical, and Civil Engineering.",Services,core_services engineering,core services prowoo services
What specialized engineering solutions does ProWoo offer?,"ProWoo provides specialized services including Process Simulations, Pressure Relief System Analysis, Carbon Capture/Gas Processing Studies, Asset Management, Technical Safety Services, Flare & Blowdown Study.",Services,specialized_services consulting,specialized solutions prowoo solutions
What is included in ProWoo’s project lifecycle?,"ProWoo’s project lifecycle includes: Phase 1 – Concept Development (Feasibility & Concept Studies, Field Development, Economic Analysis), Phase 2 – Design & Engineering (Basic Engineering, FEED, Detailed Design), Phase 3 – Execute/EPC (Project Management, Start-up & Commissioning, Plant Operating Manuals), Phase 4 – Operate (Production System Optimization, Revamp Studies, Facility Debottlenecking & Modifications).",Project Lifecycle,projects,phases lifecycle design execution operation prowoo projects
How experienced is the ProWoo team?,"The ProWoo team brings over 25 years of combined experience in engineering consultancy and technical services across multiple industries.",Company Info,experience,expertise engineers how experienced consultancy technical
Does ProWoo hire engineers?,"Yes, ProWoo has public job listings for Process Engineers and Technical Safety Engineers, requiring 3–6 years of engineering expertise and industry experience.",Careers,jobs,careers hiring job openings engineers prowoo jobs
How does ProWoo approach sustainability?,"ProWoo integrates sustainable practices in all engineering solutions, focusing on energy optimization, cost efficiency, and environmental responsibility.",Sustainability,sustainability,green energy efficiency environment eco-friendly prowoo sustainability
What is life like at ProWoo?,"ProWoo promotes team engagement, cultural events, safety awareness, and employee growth through training and development programs.",Company Culture,culture,team events training employee prowoo culture
What markets does ProWoo serve?,"ProWoo serves both domestic and international industrial markets including Oil & Gas, Refining, LNG, Energy, and Water sectors.",Industry,markets,sector market served industrial markets prowoo markets
Hi,"Hello! Welcome to ProWoo Engineering Solutions. How can I assist you today?",Greeting,greeting,hi hello hey
Hello,"Hello there! How can I help you with your query about ProWoo?",Greeting,greeting,hello hi greetings
Good morning,"Good morning! I hope you're having a great day. How can I assist you?",Greeting,greeting,good morning morning
Good evening,"Good evening! How can I help you today?",Greeting,greeting,good evening evening
Who are you?,"I am ProBot, the official AI assistant for ProWoo Engineering Solutions. I can answer questions about our services and company.",General,identity,who are you bot ai
What can you do?,"I can answer questions about ProWoo's engineering services, projects, leadership, and contact information.",General,capabilities,what can you do features help
Thank you,"You're very welcome! Let me know if you have any other questions.",Greeting,courtesy,thank you thanks
Bye,"Goodbye! Have a great day. Feel free to reach out if you have more questions later.",Greeting,farewell,bye goodbye see you
How are you?,"I am an intelligent bot, so I don't have feelings, but I'm ready to help you learn about ProWoo Engineering Solutions!",Greeting,chat,how are you how are u how is it going
What does ProWoo do?,"ProWoo offers professional engineering services including feasibility studies, concept engineering, process optimization, economic analysis, flare systems analysis, and technical consulting.",Company Overview,company,what prowoo does what prowoo do
